<?xml version="1.0" encoding="UTF-8"?>
<!DOCTYPE mapper PUBLIC "-//mybatis.org//DTD Mapper 3.0//EN" "http://mybatis.org/dtd/mybatis-3-mapper.dtd">
<mapper namespace="com.mycom.more.dao.EmpDao"> <!-- @Mapper annotation 있는 dao -->

	<select id="empList" parameterType="com.mycom.more.dto.EmpDto">
		select employeeId, first_name, last_name, email, hiredate
		  from emp
	</select>
	
	<select id="empDetail" parameterType="int" resultType="com.mycom.more.dto.EmpDto">
		select employeeId, first_name, last_name, email, hiredate
		  from emp
		 where employeeId=#{employeeId} 
	</select>

	<insert id="empInsert" parameterType="com.mycom.more.dto.EmpDto">
		insert into emp ( employeeId, first_name, last_name, email, hiredate )
		values ( #{employeeId}, #{firstName} , #{lastName}, #{email}, #{hireDate} )	
	</insert>
	
	<update id="empUpdate" parameterType="com.mycom.more.dto.EmpDto">
		update emp
		   set employeeId= #{employeeId}, first_name= #{firstName}, last_name = #{lastName}
		   	   email=#{email}, hiredate=#{hireDate};
	</update>
	
	<delete id="empDelete" parameterType="int">
		delete from emp where employeeId=#{employeeId}
	</delete>

</mapper>